date,shift,staff_hours,worker_count,disruption_hours,order_volume,throughput_units,dock_door,risk_level
2024-01-01,Morning,11,11,6,3539,3296,D06,High
2024-01-01,Night,5,8,1,4637,2975,D03,Low
2024-01-01,Night,9,10,3,4544,3174,D03,Medium
2024-01-02,Afternoon,10,10,3,4826,3684,D02,Medium
2024-01-02,Morning,7,7,1,952,2742,D07,Low
2024-01-02,Morning,9,12,3,4461,3779,D07,Medium
2024-01-03,Morning,9,9,0,1881,4475,D01,Low
2024-01-03,Night,7,9,0,1967,3275,D02,Low
2024-01-03,Afternoon,8,9,3,3238,3143,D04,Medium
2024-01-04,Night,6,7,0,1716,2680,D05,Low
2024-01-04,Morning,8,10,8,1380,1105,D02,High
2024-01-04,Night,5,8,0,4314,3709,D01,Low
2024-01-05,Night,9,11,2,3649,3356,D04,Low
2024-01-05,Morning,7,9,1,584,2897,D03,Low
2024-01-05,Morning,9,10,0,4644,5203,D04,Low
2024-01-06,Morning,11,14,0,1668,4754,D06,Low
2024-01-06,Morning,7,7,2,4664,4043,D02,Medium
2024-01-06,Afternoon,8,10,4,3629,2837,D01,High
2024-01-07,Afternoon,8,10,4,4145,3062,D02,High
2024-01-07,Morning,9,12,2,3026,3807,D03,Low
2024-01-07,Afternoon,9,11,3,3367,3416,D07,Medium
2024-01-08,Morning,8,11,3,4016,3320,D03,Medium
2024-01-08,Morning,10,10,3,3867,4142,D01,Medium
2024-01-08,Morning,9,12,2,2694,3741,D06,Low
2024-01-09,Afternoon,8,8,2,4055,3577,D05,Low
2024-01-09,Night,8,11,4,945,2157,D04,Medium
2024-01-09,Morning,7,9,1,4126,3830,D04,Low
2024-01-10,Afternoon,9,9,4,4516,3562,D03,High
2024-01-10,Afternoon,9,11,2,4375,4177,D02,Medium
2024-01-10,Morning,11,11,0,3837,5385,D07,Low
2024-01-11,Afternoon,8,11,0,761,3044,D02,Low
2024-01-11,Morning,11,14,1,2348,4529,D06,Low
2024-01-11,Morning,9,12,2,4525,4590,D05,Medium
2024-01-12,Night,5,6,4,2766,1222,D02,High
2024-01-12,Night,7,8,0,591,2703,D04,Low
2024-01-12,Night,5,5,4,4722,2345,D07,High
2024-01-13,Morning,11,12,4,4675,4181,D02,High
2024-01-13,Morning,9,12,0,3809,4808,D07,Low
2024-01-13,Afternoon,10,11,4,1482,2968,D05,Medium
2024-01-14,Afternoon,9,10,8,3943,1934,D04,High
2024-01-14,Morning,8,10,3,3033,3281,D07,Medium
2024-01-14,Afternoon,9,9,4,1193,2364,D02,Medium
2024-01-15,Morning,8,8,8,4620,2119,D04,High
2024-01-15,Night,8,8,2,655,2774,D03,Low
2024-01-15,Morning,9,10,1,4088,4414,D03,Low
2024-01-16,Afternoon,9,12,4,2312,2620,D06,Medium
2024-01-16,Morning,7,9,2,4614,3891,D03,Low
2024-01-16,Afternoon,7,7,2,1907,2490,D02,Low
2024-01-17,Afternoon,8,9,1,1716,3074,D05,Low
2024-01-17,Morning,10,13,3,1910,3303,D04,Low
2024-01-17,Night,9,11,0,3997,4273,D07,Low
2024-01-18,Night,6,8,5,4872,2103,D01,High
2024-01-18,Night,7,7,1,1051,2681,D03,Low
2024-01-18,Night,6,6,0,3894,3386,D03,Low
2024-01-19,Afternoon,7,10,1,1676,3025,D01,Low
2024-01-19,Night,7,8,0,4832,4165,D07,Low
2024-01-19,Morning,9,12,3,1497,2891,D07,Low
2024-01-20,Morning,8,8,5,4576,3164,D01,High
2024-01-20,Morning,10,13,4,3231,3657,D07,Medium
2024-01-20,Morning,9,10,0,4437,4534,D02,Low
2024-01-21,Morning,11,13,0,4552,5498,D07,Low
2024-01-21,Morning,10,12,4,872,2690,D04,Low
2024-01-21,Night,9,11,5,2748,2578,D07,High
2024-01-22,Morning,10,12,1,1348,3791,D03,Low
2024-01-22,Morning,8,8,2,3056,3275,D05,Low
2024-01-22,Afternoon,8,8,1,2822,3511,D02,Low
2024-01-23,Morning,10,11,5,1003,2339,D02,Medium
2024-01-23,Night,7,8,2,3689,3179,D07,Low
2024-01-23,Morning,7,8,1,1202,2855,D05,Low
2024-01-24,Night,5,6,1,4125,2914,D05,Low
2024-01-24,Night,5,8,5,814,922,D06,High
2024-01-24,Morning,10,11,0,2876,4860,D05,Low
2024-01-25,Morning,7,9,1,1540,3188,D07,Low
2024-01-25,Night,5,7,2,4878,2800,D07,Medium
2024-01-25,Night,5,7,0,3490,3115,D01,Low
2024-01-26,Night,8,11,0,757,3191,D03,Low
2024-01-26,Night,8,9,4,1074,1704,D06,Medium
2024-01-26,Morning,8,10,5,2052,2408,D07,High
2024-01-27,Morning,9,11,4,1257,2418,D01,Medium
2024-01-27,Morning,11,13,5,3310,3576,D06,High
2024-01-27,Night,6,8,2,1604,1921,D03,Low
2024-01-28,Afternoon,10,10,4,3959,3811,D06,High
2024-01-28,Morning,8,9,1,4492,4405,D01,Low
2024-01-28,Morning,8,9,3,703,2210,D04,Low
2024-01-29,Morning,9,12,7,3275,2262,D07,High
2024-01-29,Morning,11,11,0,2832,4835,D03,Low
2024-01-29,Night,7,10,1,2492,2872,D02,Low
2024-01-30,Afternoon,9,11,2,2743,3479,D03,Low
2024-01-30,Night,8,11,0,806,2914,D03,Low
2024-01-30,Afternoon,8,10,0,2187,3783,D03,Low
2024-01-31,Morning,9,11,4,4609,3749,D04,High
2024-01-31,Night,6,7,7,2360,811,D07,High
2024-01-31,Night,8,9,1,2461,3254,D01,Low
2024-02-01,Afternoon,8,9,0,1222,3475,D07,Low
2024-02-01,Night,9,10,0,1279,3646,D02,Low
2024-02-01,Afternoon,9,10,5,1028,2060,D01,Medium
2024-02-02,Afternoon,8,8,1,843,2686,D06,Low
2024-02-02,Afternoon,9,10,1,4286,4093,D06,Low
2024-02-02,Morning,7,10,2,4182,3526,D06,Low
2024-02-03,Morning,8,10,1,708,2866,D01,Low
2024-02-03,Morning,8,9,2,3906,3812,D05,Low
2024-02-03,Afternoon,10,10,4,1811,3067,D04,Medium
2024-02-04,Morning,7,10,2,2799,3385,D05,Low
2024-02-04,Afternoon,10,13,3,3836,3873,D07,Medium
2024-02-04,Night,7,9,1,2447,3105,D06,Low
2024-02-05,Morning,7,10,3,1419,2824,D04,Low
2024-02-05,Afternoon,8,11,3,2544,2945,D01,Medium
2024-02-05,Night,5,8,0,918,2442,D06,Low
2024-02-06,Morning,7,10,2,2249,2735,D01,Low
2024-02-06,Morning,11,11,1,3342,5002,D04,Low
2024-02-06,Morning,10,12,4,1599,3071,D01,Medium
2024-02-07,Morning,8,9,1,3892,4073,D01,Low
2024-02-07,Night,9,12,8,3272,1482,D02,High
2024-02-07,Night,9,9,0,2980,3915,D07,Low
2024-02-08,Afternoon,8,10,4,2045,2549,D05,High
2024-02-08,Night,5,6,3,1570,1505,D05,Medium
2024-02-08,Night,6,8,3,2350,1932,D05,Medium
2024-02-09,Morning,8,8,1,4698,4190,D03,Low
2024-02-09,Night,9,9,2,3439,3542,D02,Low
2024-02-09,Afternoon,6,6,4,2403,1806,D06,High
2024-02-10,Night,7,10,0,1178,2807,D06,Low
2024-02-10,Night,9,9,0,1488,3317,D06,Low
2024-02-10,Morning,9,10,2,2975,3945,D05,Low
2024-02-11,Morning,9,12,2,2107,3487,D07,Low
2024-02-11,Morning,7,9,1,3369,3455,D05,Low
2024-02-11,Afternoon,7,8,1,2002,2941,D07,Low
2024-02-12,Night,9,12,1,2289,3585,D02,Low
2024-02-12,Night,5,5,3,1925,1622,D07,Medium
2024-02-12,Morning,10,12,3,2940,3756,D01,Medium
2024-02-13,Afternoon,9,9,4,2542,2760,D05,High
2024-02-13,Afternoon,6,7,7,1778,493,D06,High
2024-02-13,Morning,10,11,2,3094,4258,D01,Low
2024-02-14,Morning,9,12,0,2936,4093,D05,Low
2024-02-14,Morning,9,10,0,4303,4893,D04,Low
2024-02-14,Night,9,11,1,2705,3722,D03,Low
2024-02-15,Morning,10,13,6,1527,2298,D05,High
2024-02-15,Afternoon,8,10,2,4039,3625,D04,Low
2024-02-15,Night,8,8,1,3983,3665,D02,Low
2024-02-16,Morning,9,11,1,2741,4088,D04,Low
2024-02-16,Night,9,11,2,3265,3638,D02,Low
2024-02-16,Night,9,10,3,1673,2519,D05,Medium
2024-02-17,Morning,8,8,0,3730,4480,D02,Low
2024-02-17,Afternoon,9,10,7,3850,2489,D04,High
2024-02-17,Morning,8,8,2,903,2918,D07,Low
2024-02-18,Morning,10,10,0,3225,4676,D03,Low
2024-02-18,Morning,10,12,5,3882,3771,D01,High
2024-02-18,Afternoon,10,11,0,4663,4964,D01,Low
2024-02-19,Afternoon,8,10,5,587,1607,D03,Medium
2024-02-19,Morning,11,13,8,1658,2062,D06,High
2024-02-19,Morning,9,11,3,4773,4072,D01,Medium
2024-02-20,Night,5,5,3,3357,1986,D05,High
2024-02-20,Morning,9,10,1,1881,3798,D06,Low
2024-02-20,Morning,10,11,6,2564,2820,D05,High
2024-02-21,Afternoon,6,8,2,2874,2584,D04,Low
2024-02-21,Night,5,5,3,817,1209,D04,Low
2024-02-21,Morning,11,12,5,2002,3028,D06,High
2024-02-22,Afternoon,6,9,7,2542,755,D06,High
2024-02-22,Night,5,6,4,2522,1353,D06,High
2024-02-22,Morning,8,10,1,618,2975,D06,Low
2024-02-23,Night,7,10,6,1209,1002,D02,High
2024-02-23,Morning,9,9,2,4057,4247,D07,Low
2024-02-23,Afternoon,8,11,6,4640,2723,D06,High
2024-02-24,Afternoon,9,12,3,4909,3792,D07,Medium
2024-02-24,Afternoon,7,9,1,3750,3597,D06,Low
2024-02-24,Morning,9,10,1,917,3518,D04,Low
2024-02-25,Night,8,8,2,3103,2754,D05,Low
2024-02-25,Morning,8,11,4,4354,3059,D07,High
2024-02-25,Morning,9,11,1,1601,3817,D04,Low
2024-02-26,Morning,9,10,2,4921,4510,D01,Low
2024-02-26,Afternoon,8,11,1,3928,3998,D02,Low
2024-02-26,Afternoon,8,10,4,2761,2506,D02,High
2024-02-27,Morning,7,9,1,4669,3681,D05,Low
2024-02-27,Afternoon,9,11,0,4134,4325,D06,Low
2024-02-27,Morning,7,7,0,1008,3104,D04,Low
2024-02-28,Afternoon,10,11,0,2879,4526,D01,Low
2024-02-28,Morning,8,11,2,3664,3634,D04,Low
2024-02-28,Afternoon,6,7,0,1187,3090,D06,Low
2024-02-29,Morning,10,11,0,1792,4601,D06,Low
2024-02-29,Night,6,9,6,4405,1982,D03,High
2024-02-29,Morning,10,11,5,3575,3107,D04,High
2024-03-01,Morning,10,10,1,3709,4681,D05,Low
2024-03-01,Morning,10,13,7,824,1721,D04,High
2024-03-01,Night,8,11,0,2493,3646,D02,Low
2024-03-02,Night,6,8,2,4476,2837,D01,Low
2024-03-02,Morning,8,9,2,3270,3801,D07,Low
2024-03-02,Afternoon,6,9,1,4872,3429,D05,Low
2024-03-03,Night,8,11,1,3083,3094,D03,Low
2024-03-03,Afternoon,8,8,1,4057,4253,D01,Low
2024-03-03,Afternoon,6,8,1,4087,3415,D01,Low
2024-03-04,Morning,8,11,3,651,2282,D07,Low
2024-03-04,Morning,11,11,0,1454,4486,D02,Low
2024-03-04,Night,9,12,0,4854,4472,D02,Low
2024-03-05,Night,5,8,0,2871,2862,D02,Low
2024-03-05,Afternoon,6,9,1,1691,2761,D05,Low
2024-03-05,Morning,8,8,2,1187,3072,D04,Low
2024-03-06,Morning,10,11,0,809,4088,D01,Low
2024-03-06,Night,7,10,4,2002,1881,D04,High
2024-03-06,Night,6,9,1,3627,3242,D04,Low
2024-03-07,Night,6,7,0,3867,3093,D02,Low
2024-03-07,Night,5,8,3,3895,2073,D04,Medium
2024-03-07,Afternoon,8,10,0,1313,3207,D01,Low
2024-03-08,Morning,10,13,2,1345,3744,D01,Low
2024-03-08,Morning,9,11,3,1664,2926,D06,Low
2024-03-08,Night,7,8,0,2267,3008,D03,Low
2024-03-09,Afternoon,6,6,0,854,2785,D05,Low
2024-03-09,Morning,11,12,1,2372,4308,D04,Low
2024-03-09,Morning,7,10,0,2524,3654,D05,Low
2024-03-10,Afternoon,9,11,0,3317,4693,D05,Low
2024-03-10,Morning,8,8,1,4332,4361,D05,Low
2024-03-10,Morning,10,13,1,4775,4874,D07,Low
2024-03-11,Afternoon,10,10,2,565,3057,D06,Low
2024-03-11,Afternoon,9,9,3,4766,3903,D05,Medium
2024-03-11,Afternoon,10,13,2,4590,4406,D06,Low
2024-03-12,Morning,11,12,0,3021,4999,D01,Low
2024-03-12,Night,5,8,0,3081,2942,D07,Low
2024-03-12,Morning,11,14,5,1890,2780,D04,High
2024-03-13,Morning,7,8,2,1630,2504,D06,Low
2024-03-13,Night,6,8,4,2986,1863,D03,High
2024-03-13,Afternoon,10,13,1,1334,3516,D05,Low
2024-03-14,Night,7,7,2,726,2243,D07,Low
2024-03-14,Afternoon,8,11,2,4015,3589,D03,Low
2024-03-14,Afternoon,10,13,1,2943,3973,D01,Low
2024-03-15,Morning,7,7,1,1227,3037,D01,Low
2024-03-15,Morning,9,10,2,4186,4060,D02,Low
2024-03-15,Morning,7,9,0,4122,4568,D05,Low
2024-03-16,Morning,7,9,1,1536,3170,D02,Low
2024-03-16,Night,7,7,4,2332,1698,D07,High
2024-03-16,Morning,8,9,5,3240,2939,D03,High
2024-03-17,Night,7,10,1,992,2423,D04,Low
2024-03-17,Afternoon,9,12,1,2048,3388,D02,Low
2024-03-17,Night,7,10,0,1643,3438,D01,Low
2024-03-18,Afternoon,10,13,3,4457,3989,D05,Medium
2024-03-18,Afternoon,8,11,1,3907,3968,D03,Low
2024-03-18,Afternoon,9,9,7,1139,1503,D06,High
2024-03-19,Morning,11,14,1,672,3924,D07,Low
2024-03-19,Night,8,11,1,4854,3873,D07,Low
2024-03-19,Morning,8,9,2,4459,3864,D01,Low
2024-03-20,Morning,9,12,4,1016,2834,D06,Low
2024-03-20,Afternoon,7,9,1,1022,2733,D07,Low
2024-03-20,Morning,11,11,1,2417,4721,D04,Low
2024-03-21,Night,9,9,8,3386,1562,D05,High
2024-03-21,Night,5,5,0,2664,2663,D04,Low
2024-03-21,Night,5,7,5,2429,869,D07,High
2024-03-22,Morning,7,10,0,4445,4410,D04,Low
2024-03-22,Morning,11,11,4,2709,3917,D07,Medium
2024-03-22,Night,7,9,2,4283,3045,D05,Low
2024-03-23,Afternoon,8,9,1,3090,3689,D05,Low
2024-03-23,Night,9,12,5,4576,2645,D06,High
2024-03-23,Night,7,9,0,1593,2937,D04,Low
2024-03-24,Night,7,10,0,4380,3922,D03,Low
2024-03-24,Morning,10,11,2,2994,3747,D06,Low
2024-03-24,Morning,10,12,1,3079,4400,D05,Low
2024-03-25,Night,9,12,2,2988,3225,D01,Low
2024-03-25,Morning,9,11,0,3285,4614,D07,Low
2024-03-25,Morning,11,11,0,3258,5027,D06,Low
2024-03-26,Afternoon,8,11,0,2074,3781,D02,Low
2024-03-26,Night,5,7,0,2873,2811,D03,Low
2024-03-26,Afternoon,8,8,1,4490,3771,D07,Low
2024-03-27,Afternoon,10,11,3,1593,2800,D06,Low
2024-03-27,Morning,7,10,5,1689,1523,D05,High
2024-03-27,Afternoon,10,13,4,3189,3340,D05,High
2024-03-28,Night,5,6,0,4595,3838,D03,Low
2024-03-28,Morning,10,10,1,2375,4270,D02,Low
2024-03-28,Afternoon,6,7,0,3906,3902,D06,Low
2024-03-29,Night,8,11,1,2287,3410,D06,Low
2024-03-29,Night,5,7,2,4432,2596,D04,Low
2024-03-29,Afternoon,8,8,0,2107,3849,D01,Low
2024-03-30,Night,9,9,0,4248,4308,D05,Low
2024-03-30,Morning,7,7,6,548,1121,D06,High
2024-03-30,Morning,11,12,1,4361,5030,D06,Low
2024-03-31,Night,9,10,1,2680,3574,D07,Low
2024-03-31,Night,9,11,0,3546,4302,D07,Low
2024-03-31,Night,8,10,0,3333,3719,D06,Low
2024-04-01,Night,9,9,4,1897,2569,D02,Medium
2024-04-01,Afternoon,6,8,0,4326,3885,D01,Low
2024-04-01,Afternoon,6,7,1,1331,2571,D06,Low
2024-04-02,Night,9,11,0,3197,4428,D03,Low
2024-04-02,Afternoon,10,11,2,3235,4112,D05,Low
2024-04-02,Night,7,9,0,581,2926,D04,Low
2024-04-03,Night,7,10,4,586,1467,D07,Low
2024-04-03,Night,7,8,4,2563,2112,D03,High
2024-04-03,Morning,9,12,4,1321,2730,D05,Low
2024-04-04,Morning,10,11,1,662,3680,D07,Low
2024-04-04,Morning,8,10,4,4239,3164,D02,High
2024-04-04,Afternoon,10,13,2,2897,3346,D07,Low
2024-04-05,Morning,11,13,1,2432,4618,D01,Low
2024-04-05,Afternoon,9,10,2,3228,3785,D01,Low
2024-04-05,Afternoon,9,12,0,4035,4271,D05,Low
2024-04-06,Morning,9,9,0,3946,4812,D03,Low
2024-04-06,Afternoon,8,10,3,3290,2910,D04,Medium
2024-04-06,Morning,7,8,0,3207,3856,D02,Low
2024-04-07,Morning,8,11,2,4433,4165,D05,Low
2024-04-07,Night,5,7,1,3885,2667,D02,Low
2024-04-07,Morning,7,10,4,1422,1928,D01,Medium
2024-04-08,Morning,9,11,6,2675,2727,D06,High
2024-04-08,Afternoon,7,9,5,2082,1708,D06,High
2024-04-08,Night,9,11,1,1064,3343,D04,Low
2024-04-09,Morning,10,13,0,3758,4639,D02,Low
2024-04-09,Afternoon,9,12,2,3097,3285,D05,Low
2024-04-09,Morning,10,12,0,3000,4535,D04,Low
2024-04-10,Morning,8,8,0,1487,3599,D07,Low
2024-04-10,Afternoon,7,7,2,4136,3058,D07,Low
2024-04-10,Afternoon,9,9,2,723,2913,D03,Low
2024-04-11,Afternoon,10,11,8,850,1323,D06,High
2024-04-11,Night,6,6,0,2428,2846,D05,Low
2024-04-11,Night,8,11,1,848,2627,D02,Low
2024-04-12,Afternoon,6,6,0,4777,3739,D04,Low
2024-04-12,Morning,11,14,5,1517,2725,D05,Medium
2024-04-12,Night,9,10,3,2726,2456,D04,Medium
2024-04-13,Morning,7,10,4,4624,3051,D04,High
2024-04-13,Afternoon,10,13,5,2919,2748,D04,High
2024-04-13,Morning,9,12,2,2393,3538,D02,Low
2024-04-14,Morning,8,8,1,3540,3799,D05,Low
2024-04-14,Night,8,10,1,2568,3436,D01,Low
2024-04-14,Night,5,8,2,1625,2284,D01,Low
2024-04-15,Afternoon,8,8,1,3617,3604,D02,Low
2024-04-15,Afternoon,8,8,1,4661,4320,D07,Low
2024-04-15,Morning,7,7,6,4542,2468,D02,High
2024-04-16,Morning,10,12,7,4933,3046,D06,High
2024-04-16,Morning,9,11,4,2670,2979,D04,Medium
2024-04-16,Afternoon,6,8,3,946,1738,D05,Low
2024-04-17,Night,6,8,3,3158,2474,D05,Medium
2024-04-17,Afternoon,7,8,0,3862,3663,D03,Low
2024-04-17,Morning,7,9,0,3218,3875,D03,Low
2024-04-18,Night,9,11,3,3983,3579,D01,Low
2024-04-18,Night,9,11,3,3444,3370,D03,Medium
2024-04-18,Afternoon,9,12,0,4876,4530,D03,Low
2024-04-19,Afternoon,6,9,5,1095,1125,D01,High
2024-04-19,Afternoon,10,12,0,2486,4426,D06,Low
2024-04-19,Morning,10,11,1,3250,4574,D07,Low
2024-04-20,Morning,8,11,3,1574,2927,D01,Low
2024-04-20,Night,7,7,0,4469,3969,D07,Low
2024-04-20,Morning,7,10,0,4805,4500,D03,Low
2024-04-21,Morning,7,7,1,4721,4118,D05,Low
2024-04-21,Morning,7,10,3,4080,3508,D03,Medium
2024-04-21,Morning,7,9,1,3507,3616,D04,Low
2024-04-22,Night,6,9,3,1469,1769,D07,Medium
2024-04-22,Night,8,10,2,1080,2341,D07,Low
2024-04-22,Afternoon,8,10,0,3324,3769,D04,Low
2024-04-23,Morning,11,14,7,4501,3248,D04,High
2024-04-23,Afternoon,7,7,0,1711,3092,D06,Low
2024-04-23,Afternoon,8,8,6,729,1278,D02,High
2024-04-24,Morning,10,13,2,4784,4886,D04,Low
2024-04-24,Afternoon,8,10,6,3685,2456,D07,High
2024-04-24,Morning,11,11,0,1001,4780,D05,Low
2024-04-25,Afternoon,10,11,2,2632,3994,D07,Low
2024-04-25,Afternoon,7,9,0,548,3306,D07,Low
2024-04-25,Morning,8,11,0,4066,4538,D06,Low
2024-04-26,Morning,8,10,2,3555,3503,D02,Low
2024-04-26,Afternoon,10,11,0,1188,3726,D02,Low
2024-04-26,Afternoon,10,11,2,886,3427,D04,Low
2024-04-27,Night,7,7,0,1469,3009,D03,Low
2024-04-27,Afternoon,9,10,1,3960,4160,D07,Low
2024-04-27,Morning,9,11,4,1505,2592,D01,Low
2024-04-28,Morning,7,7,1,3552,3628,D03,Low
2024-04-28,Afternoon,9,10,2,3917,3874,D03,Low
2024-04-28,Morning,11,11,2,2802,4090,D02,Low
2024-04-29,Afternoon,9,9,4,2783,2871,D02,High
2024-04-29,Night,6,9,1,2107,2864,D06,Low
2024-04-29,Afternoon,6,6,3,4866,2545,D06,High
2024-04-30,Morning,11,11,6,622,2069,D02,Medium
2024-04-30,Afternoon,10,11,3,1780,3245,D05,Low
2024-04-30,Afternoon,8,10,2,4227,3863,D05,Low
2024-05-01,Afternoon,9,11,2,758,2769,D01,Low
2024-05-01,Night,8,9,3,1447,1954,D02,Medium
2024-05-01,Morning,7,9,2,1024,2884,D04,Low
2024-05-02,Night,6,6,0,1387,2550,D06,Low
2024-05-02,Night,9,12,0,707,3267,D02,Low
2024-05-02,Morning,9,9,4,3882,3462,D05,High
2024-05-03,Morning,10,10,1,3294,4348,D02,Low
2024-05-03,Morning,8,11,3,648,2316,D05,Low
2024-05-03,Morning,9,10,1,937,3326,D02,Low
2024-05-04,Morning,9,9,2,2702,4025,D07,Low
2024-05-04,Afternoon,10,10,0,4249,5033,D04,Low
2024-05-04,Morning,8,9,0,3661,4441,D01,Low
2024-05-05,Morning,7,7,6,4401,1966,D07,High
2024-05-05,Night,7,7,5,4953,2549,D04,High
2024-05-05,Morning,11,13,3,3745,4337,D05,Medium
2024-05-06,Night,8,9,1,3323,3286,D06,Low
2024-05-06,Morning,8,8,3,3770,3457,D06,High
2024-05-06,Morning,10,10,2,985,3644,D03,Low
2024-05-07,Afternoon,8,11,2,699,2662,D04,Low
2024-05-07,Afternoon,7,10,0,4966,4077,D02,Low
2024-05-07,Night,9,12,2,2482,3226,D01,Low
2024-05-08,Night,6,6,3,1971,2042,D02,Medium
2024-05-08,Night,6,6,8,4843,1183,D02,High
2024-05-08,Morning,11,14,0,2811,5149,D04,Low
2024-05-09,Morning,8,10,3,3873,3513,D01,Medium
2024-05-09,Night,9,11,2,2578,3388,D03,Low
2024-05-09,Night,7,9,1,2021,2994,D07,Low
2024-05-10,Night,8,10,0,1104,2979,D02,Low
2024-05-10,Afternoon,6,7,1,4348,3423,D01,Low
2024-05-10,Morning,8,11,1,3842,4012,D03,Low
2024-05-11,Night,9,9,1,1917,3562,D07,Low
2024-05-11,Morning,9,12,3,4375,3955,D02,Medium
2024-05-11,Night,9,11,3,3433,3156,D01,Medium
2024-05-12,Night,6,6,2,1048,1723,D07,Low
2024-05-12,Afternoon,8,9,6,1338,1183,D04,High
2024-05-12,Night,9,12,1,4315,4150,D06,Low
2024-05-13,Night,7,7,0,1347,2835,D06,Low
2024-05-13,Morning,10,10,3,4754,4386,D02,Medium
2024-05-13,Night,9,11,0,4968,4314,D02,Low
2024-05-14,Afternoon,8,10,1,2772,3788,D07,Low
2024-05-14,Night,5,8,0,3820,3265,D01,Low
2024-05-14,Morning,9,10,0,3058,4455,D06,Low
2024-05-15,Night,8,8,4,4811,3306,D02,High
2024-05-15,Morning,11,13,1,2496,4679,D03,Low
2024-05-15,Morning,11,14,2,4173,4606,D02,Low
2024-05-16,Night,9,11,0,2064,3753,D06,Low
2024-05-16,Morning,8,11,3,4518,3281,D05,Medium
2024-05-16,Morning,11,13,1,2340,4653,D06,Low
2024-05-17,Night,8,9,3,3791,2964,D03,Medium
2024-05-17,Night,9,9,1,3387,3460,D01,Low
2024-05-17,Afternoon,10,12,0,1226,3705,D03,Low
2024-05-18,Afternoon,9,9,2,1744,3309,D05,Low
2024-05-18,Afternoon,8,11,0,3960,4468,D05,Low
2024-05-18,Morning,10,11,1,4218,4749,D02,Low
2024-05-19,Morning,9,9,1,1565,3492,D02,Low
2024-05-19,Afternoon,7,9,5,782,1088,D06,High
2024-05-19,Night,7,7,0,1581,3288,D04,Low
2024-05-20,Night,7,7,3,4385,2996,D03,Medium
2024-05-20,Night,9,12,0,3381,4074,D06,Low
2024-05-20,Morning,7,8,1,3084,3462,D04,Low
2024-05-21,Afternoon,8,9,1,3470,3831,D06,Low
2024-05-21,Morning,10,10,5,1652,2811,D05,High
2024-05-21,Afternoon,10,10,0,3997,4587,D02,Low
2024-05-22,Afternoon,6,9,0,1447,2658,D02,Low
2024-05-22,Night,8,8,1,2217,2988,D06,Low
2024-05-22,Morning,10,13,0,566,3885,D02,Low
2024-05-23,Morning,8,9,0,1136,3456,D01,Low
2024-05-23,Morning,11,12,2,813,3975,D06,Low
2024-05-23,Night,7,10,0,3897,3638,D05,Low
2024-05-24,Afternoon,8,8,0,1064,3084,D07,Low
2024-05-24,Morning,11,12,3,2101,3535,D06,Medium
2024-05-24,Morning,8,10,1,1325,3284,D06,Low
2024-05-25,Night,7,10,0,4170,3483,D02,Low
2024-05-25,Morning,10,11,1,1525,3926,D05,Low
2024-05-25,Night,8,9,2,2751,2784,D06,Medium
2024-05-26,Night,7,8,1,1304,2839,D02,Low
2024-05-26,Morning,10,12,2,2951,4066,D03,Low
2024-05-26,Morning,11,13,0,1891,5029,D05,Low
2024-05-27,Night,8,10,2,1735,2679,D04,Low
2024-05-27,Morning,9,9,1,4532,3995,D01,Low
2024-05-27,Morning,11,14,2,3780,4836,D04,Low
2024-05-28,Night,9,9,4,4049,3145,D07,High
2024-05-28,Night,7,9,2,4700,3448,D05,Low
2024-05-28,Night,9,12,1,4641,4011,D06,Low
2024-05-29,Night,8,8,1,1854,3068,D02,Low
2024-05-29,Morning,7,7,1,2336,3374,D07,Low
2024-05-29,Morning,8,8,0,3392,4214,D05,Low
2024-05-30,Night,5,7,0,2996,2586,D01,Low
2024-05-30,Afternoon,7,8,4,3083,2853,D05,High
2024-05-30,Afternoon,9,12,1,3058,4017,D07,Low
2024-05-31,Night,5,7,1,4118,2991,D02,Low
2024-05-31,Morning,7,10,2,2059,3174,D04,Low
2024-05-31,Afternoon,10,12,2,2007,3628,D03,Low
2024-06-01,Morning,9,9,0,4571,4769,D04,Low
2024-06-01,Afternoon,6,6,4,2563,2143,D02,High
2024-06-01,Morning,10,11,0,4142,5195,D07,Low
2024-06-02,Morning,8,9,3,2500,2914,D02,Medium
2024-06-02,Morning,9,12,3,1794,3240,D01,Low
2024-06-02,Afternoon,6,7,3,4565,2796,D05,Medium
2024-06-03,Night,8,9,2,3252,3213,D05,Low
2024-06-03,Afternoon,6,9,0,2253,3213,D04,Low
2024-06-03,Night,5,7,1,4710,3339,D07,Low
2024-06-04,Morning,8,9,2,2103,3114,D03,Low
2024-06-04,Morning,9,11,1,1822,3812,D03,Low
2024-06-04,Night,5,5,4,2941,1965,D01,High
2024-06-05,Morning,8,9,1,1598,3367,D02,Low
2024-06-05,Night,7,7,1,2005,2876,D01,Low
2024-06-05,Morning,8,8,1,1626,3770,D05,Low
2024-06-06,Night,8,10,1,796,2873,D06,Low
2024-06-06,Morning,7,10,2,3549,3119,D06,Medium
2024-06-06,Night,8,9,3,2725,2554,D06,Medium
2024-06-07,Afternoon,7,9,3,4854,3330,D02,High
2024-06-07,Night,5,8,4,4287,2082,D01,High
2024-06-07,Morning,7,7,5,2596,2168,D07,High
2024-06-08,Afternoon,9,10,4,4109,3611,D04,High
2024-06-08,Night,8,8,0,2708,3541,D05,Low
2024-06-08,Afternoon,6,6,3,675,1659,D06,Low
2024-06-09,Afternoon,8,9,0,3002,3537,D07,Low
2024-06-09,Afternoon,6,9,0,4499,3988,D03,Low
2024-06-09,Afternoon,8,11,2,2167,2856,D01,Low
2024-06-10,Afternoon,8,9,1,4871,4321,D05,Low
2024-06-10,Afternoon,7,8,0,3045,3794,D05,Low
2024-06-10,Night,7,9,0,1175,3335,D03,Low
2024-06-11,Morning,11,13,0,2323,4893,D03,Low
2024-06-11,Morning,7,7,5,1856,1852,D03,High
2024-06-11,Night,9,10,0,3572,4273,D06,Low
2024-06-12,Night,9,12,0,3759,4111,D06,Low
2024-06-12,Afternoon,6,6,1,1046,2481,D01,Low
2024-06-12,Afternoon,10,10,1,2583,3968,D03,Low
2024-06-13,Morning,8,8,5,2540,2389,D04,High
2024-06-13,Morning,9,9,0,2252,4033,D05,Low
2024-06-13,Afternoon,10,13,2,2115,3598,D03,Low
2024-06-14,Morning,11,11,3,2349,3973,D05,Low
2024-06-14,Afternoon,9,10,6,3142,1995,D02,High
2024-06-14,Morning,7,9,2,2100,2826,D07,Low
2024-06-15,Night,7,10,4,3896,2479,D02,High
2024-06-15,Night,8,9,0,4902,3888,D03,Low
2024-06-15,Afternoon,8,9,1,4105,4214,D05,Low
2024-06-16,Afternoon,7,8,1,4299,3551,D07,Low
2024-06-16,Morning,8,10,5,1118,1806,D02,Medium
2024-06-16,Night,8,10,0,1632,3292,D03,Low
2024-06-17,Afternoon,9,11,0,2615,4079,D05,Low
2024-06-17,Morning,10,11,1,2839,4195,D03,Low
2024-06-17,Night,9,11,0,3239,4268,D06,Low
2024-06-18,Night,7,7,0,4776,4064,D05,Low
2024-06-18,Night,7,9,6,1987,1085,D02,High
2024-06-18,Night,9,12,1,2057,3323,D03,Low
2024-06-19,Afternoon,10,11,2,2613,3420,D02,Low
2024-06-19,Afternoon,7,8,3,1544,1987,D03,Medium
2024-06-19,Night,7,7,1,2931,3189,D01,Low
2024-06-20,Night,8,10,0,2082,3315,D02,Low
2024-06-20,Morning,10,12,0,1808,4667,D02,Low
2024-06-20,Morning,11,14,1,1101,4103,D04,Low
2024-06-21,Morning,7,7,2,2120,2712,D07,Low
2024-06-21,Night,5,8,1,600,1654,D06,Low
2024-06-21,Night,9,12,0,4771,4740,D02,Low
2024-06-22,Morning,10,11,2,737,3367,D05,Low
2024-06-22,Afternoon,9,10,5,4525,3206,D07,High
2024-06-22,Morning,10,12,4,3418,3479,D03,High
2024-06-23,Night,8,10,4,3042,2371,D01,High
2024-06-23,Night,5,8,4,2503,1672,D05,High
2024-06-23,Night,5,7,1,2037,2136,D07,Low
2024-06-24,Afternoon,10,13,3,1254,3054,D05,Low
2024-06-24,Afternoon,9,11,0,3868,4392,D05,Low
2024-06-24,Morning,11,13,3,2758,4105,D05,Medium
2024-06-25,Morning,8,9,2,4165,4176,D07,Medium
2024-06-25,Night,6,7,0,4735,3629,D01,Low
2024-06-25,Night,6,7,4,1040,1213,D04,High
2024-06-26,Night,8,9,5,769,1590,D06,High
2024-06-26,Night,6,6,1,3960,2953,D02,Low
2024-06-26,Afternoon,6,7,4,3908,2613,D07,High
2024-06-27,Night,7,7,0,1005,3121,D05,Low
2024-06-27,Night,8,9,2,1629,2508,D02,Low
2024-06-27,Night,6,8,2,2579,2128,D07,Low
2024-06-28,Morning,10,13,2,3645,4044,D02,Low
2024-06-28,Afternoon,8,10,5,3742,2306,D05,High
2024-06-28,Morning,10,12,5,861,2602,D04,Low
2024-06-29,Night,8,8,4,4220,3104,D07,High
2024-06-29,Afternoon,6,7,1,1956,2839,D02,Low
2024-06-29,Morning,11,14,5,4567,3807,D03,High
2024-06-30,Afternoon,6,9,0,4695,3900,D02,Low
2024-06-30,Afternoon,7,8,4,2181,1927,D06,High
2024-06-30,Morning,7,7,1,1552,3303,D05,Low
2024-07-01,Morning,10,10,0,3009,4780,D01,Low
2024-07-01,Afternoon,9,9,3,1181,2803,D02,Low
2024-07-01,Afternoon,9,12,0,4432,4468,D04,Low
2024-07-02,Night,8,8,0,2629,3598,D03,Low
2024-07-02,Afternoon,7,7,1,4516,3875,D03,Low
2024-07-02,Night,8,11,0,3802,4240,D01,Low
2024-07-03,Afternoon,9,12,0,1219,3526,D06,Low
2024-07-03,Afternoon,10,12,0,574,3862,D01,Low
2024-07-03,Night,8,11,1,1793,2929,D06,Low
2024-07-04,Afternoon,10,11,0,2422,4657,D02,Low
2024-07-04,Morning,10,13,3,4657,4162,D05,Medium
2024-07-04,Morning,7,10,0,819,3321,D04,Low
2024-07-05,Night,6,6,6,2649,1184,D03,High
2024-07-05,Afternoon,7,9,5,1952,2164,D01,High
2024-07-05,Night,7,7,1,2055,2897,D04,Low
2024-07-06,Morning,8,10,4,4707,3279,D06,High
2024-07-06,Morning,7,7,4,3532,2854,D05,Medium
2024-07-06,Morning,11,12,7,960,2239,D03,High
2024-07-07,Morning,10,10,2,1386,3547,D03,Low
2024-07-07,Afternoon,6,6,0,4033,3442,D06,Low
2024-07-07,Morning,8,9,2,4436,3835,D05,Medium
2024-07-08,Afternoon,6,7,2,1615,2433,D03,Low
2024-07-08,Night,5,8,2,1575,1517,D05,Low
2024-07-08,Morning,7,7,1,4376,3908,D03,Low
2024-07-09,Afternoon,7,8,4,2424,2336,D02,High
2024-07-09,Night,6,7,6,1426,770,D06,High
2024-07-09,Morning,8,11,0,2781,4465,D05,Low
2024-07-10,Afternoon,7,9,0,1555,2862,D04,Low
2024-07-10,Night,5,6,0,1041,2139,D02,Low
2024-07-10,Night,9,10,4,2661,2221,D07,High
2024-07-11,Morning,9,9,3,2751,3744,D04,Medium
2024-07-11,Night,6,9,2,1552,1935,D06,Low
2024-07-11,Afternoon,10,10,1,3244,3845,D03,Low
2024-07-12,Morning,7,9,2,4369,3520,D07,Low
2024-07-12,Afternoon,8,11,1,4981,3913,D04,Low
2024-07-12,Night,6,6,2,4657,2928,D02,Low
2024-07-13,Afternoon,6,7,4,2060,1775,D07,High
2024-07-13,Morning,8,9,7,4262,2423,D07,High
2024-07-13,Afternoon,8,11,6,1664,1537,D05,High
2024-07-14,Morning,8,9,6,3222,2291,D01,High
2024-07-14,Morning,9,9,1,2858,3952,D04,Low
2024-07-14,Morning,9,12,1,970,3218,D01,Low
2024-07-15,Morning,10,11,3,1916,3082,D06,Low
2024-07-15,Morning,11,12,5,1968,3004,D04,High
2024-07-15,Morning,10,12,0,1308,4207,D04,Low
2024-07-16,Afternoon,7,9,1,671,2512,D05,Low
2024-07-16,Morning,10,13,0,4626,4862,D03,Low
2024-07-16,Morning,7,9,2,4642,3748,D02,Medium
2024-07-17,Night,7,7,1,4725,3950,D02,Low
2024-07-17,Afternoon,6,7,1,2899,2959,D02,Low
2024-07-17,Afternoon,9,10,0,2145,3809,D06,Low
2024-07-18,Morning,9,10,1,557,3356,D07,Low
2024-07-18,Morning,8,11,4,1629,2249,D03,Medium
2024-07-18,Morning,9,12,0,1853,3865,D01,Low
2024-07-19,Morning,10,12,3,1267,3301,D02,Low
2024-07-19,Morning,7,8,2,4395,3816,D01,Low
2024-07-19,Morning,11,12,4,1182,3128,D03,Low
2024-07-20,Morning,9,10,0,3954,4350,D06,Low
2024-07-20,Morning,8,9,7,2508,1816,D03,High
2024-07-20,Afternoon,8,9,2,3642,3814,D05,Low
2024-07-21,Morning,8,8,8,2290,1323,D07,High
2024-07-21,Morning,9,10,5,1977,2481,D02,High
2024-07-21,Afternoon,10,10,0,1385,3808,D06,Low
2024-07-22,Afternoon,10,11,0,4406,4958,D05,Low
2024-07-22,Morning,8,11,1,4992,4296,D02,Low
2024-07-22,Night,6,9,2,2038,2435,D03,Medium
2024-07-23,Afternoon,10,10,0,2573,4203,D03,Low
2024-07-23,Morning,8,9,0,812,3545,D04,Low
2024-07-23,Night,5,8,1,1310,2064,D04,Low
2024-07-24,Night,9,12,0,2735,4220,D03,Low
2024-07-24,Morning,7,8,0,3357,4040,D03,Low
2024-07-24,Morning,10,11,1,3263,4708,D01,Low
2024-07-25,Night,9,12,0,2532,3899,D07,Low
2024-07-25,Night,7,8,1,2007,2811,D01,Low
2024-07-25,Morning,10,12,2,3070,4074,D07,Low
2024-07-26,Morning,9,10,1,2394,3779,D05,Low
2024-07-26,Morning,9,12,4,3205,3297,D04,High
2024-07-26,Afternoon,8,11,2,1096,2554,D04,Low
2024-07-27,Afternoon,9,9,1,2647,3764,D03,Low
2024-07-27,Morning,11,13,1,1115,4248,D03,Low
2024-07-27,Afternoon,7,10,4,1447,2149,D05,Medium
2024-07-28,Night,6,8,5,4873,2171,D06,High
2024-07-28,Morning,11,12,4,4264,4234,D06,High
2024-07-28,Morning,8,11,3,2513,3167,D06,Low
2024-07-29,Night,8,8,0,4197,4030,D04,Low
2024-07-29,Night,5,8,1,990,2356,D01,Low
2024-07-29,Afternoon,7,7,0,4850,4061,D06,Low
2024-07-30,Afternoon,8,10,6,2928,1964,D02,High
2024-07-30,Morning,10,10,3,1041,3414,D05,Low
2024-07-30,Afternoon,6,7,3,1787,2263,D06,Medium
2024-07-31,Afternoon,9,10,1,2133,3592,D02,Low
2024-07-31,Morning,11,12,4,3426,4006,D06,High
2024-07-31,Morning,10,13,1,1852,3995,D01,Low
2024-08-01,Morning,8,9,0,4876,4614,D01,Low
2024-08-01,Morning,11,12,1,1798,4081,D06,Low
2024-08-01,Morning,10,13,2,4467,4630,D02,Medium
2024-08-02,Morning,11,13,2,4923,5066,D05,Low
2024-08-02,Morning,9,10,4,2758,2965,D02,High
2024-08-02,Morning,8,9,0,2573,4060,D05,Low
2024-08-03,Night,6,9,2,1201,2477,D06,Low
2024-08-03,Afternoon,8,10,2,2419,3282,D05,Low
2024-08-03,Afternoon,6,8,1,2960,2835,D03,Low
2024-08-04,Night,8,10,4,4762,3168,D04,High
2024-08-04,Afternoon,10,13,3,4764,3857,D07,Medium
2024-08-04,Morning,8,8,3,4824,3206,D04,Medium
2024-08-05,Afternoon,10,10,5,866,2206,D01,Medium
2024-08-05,Afternoon,7,8,3,1027,2339,D03,Low
2024-08-05,Night,5,6,0,4218,3516,D04,Low
2024-08-06,Afternoon,9,10,3,4109,3610,D06,Medium
2024-08-06,Morning,8,8,1,4435,4152,D05,Low
2024-08-06,Morning,11,14,0,2653,4963,D05,Low
2024-08-07,Morning,7,8,0,2408,3633,D02,Low
2024-08-07,Afternoon,9,12,3,3512,3271,D02,High
2024-08-07,Afternoon,9,10,3,4728,3919,D05,Medium
2024-08-08,Morning,9,12,0,3522,4481,D06,Low
2024-08-08,Night,6,9,3,3983,2717,D05,Medium
2024-08-08,Afternoon,6,6,5,3220,1689,D02,High
2024-08-09,Morning,10,13,0,2270,4851,D04,Low
2024-08-09,Morning,9,11,0,4613,4608,D01,Low
2024-08-09,Morning,10,10,3,2277,3350,D02,Medium
2024-08-10,Morning,7,8,1,4712,4025,D06,Low
2024-08-10,Morning,10,10,2,1297,3191,D04,Low
2024-08-10,Morning,10,12,0,3715,4451,D04,Low
2024-08-11,Morning,7,9,1,4288,3570,D04,Low
2024-08-11,Morning,11,14,3,3476,4110,D03,Medium
2024-08-11,Night,5,7,3,4237,2263,D03,High
2024-08-12,Morning,10,12,4,2211,3243,D07,Medium
2024-08-12,Afternoon,9,11,5,1252,2010,D04,High
2024-08-12,Afternoon,10,12,3,2969,3534,D06,Medium
2024-08-13,Night,6,7,3,4469,2579,D05,Medium
2024-08-13,Morning,10,11,0,1892,4496,D06,Low
2024-08-13,Morning,8,8,2,3105,3638,D03,Low
2024-08-14,Night,9,12,0,1177,3414,D02,Low
2024-08-14,Night,9,10,4,605,2117,D07,Low
2024-08-14,Night,5,7,1,3787,2781,D03,Low
2024-08-15,Morning,9,12,2,2446,3339,D05,Low
2024-08-15,Morning,9,10,1,1595,3841,D01,Low
2024-08-15,Afternoon,6,6,4,2282,1671,D07,High
2024-08-16,Night,8,10,5,3757,2527,D03,High
2024-08-16,Afternoon,6,9,1,2497,2917,D06,Low
2024-08-16,Afternoon,9,10,4,2061,2593,D07,High
2024-08-17,Morning,8,11,1,4506,3933,D06,Low
2024-08-17,Night,8,9,2,2175,3129,D04,Low
2024-08-17,Morning,11,11,4,1622,3221,D04,Medium
2024-08-18,Morning,11,13,1,4481,5218,D04,Low
2024-08-18,Afternoon,9,9,6,1801,1869,D07,High
2024-08-18,Afternoon,7,9,0,1443,3094,D01,Low
2024-08-19,Morning,11,13,0,1445,4548,D05,Low
2024-08-19,Morning,7,10,5,1100,1694,D07,High
2024-08-19,Afternoon,6,7,0,3200,3341,D02,Low
2024-08-20,Morning,11,11,8,1917,2085,D06,High
2024-08-20,Afternoon,9,9,6,2024,2034,D06,High
2024-08-20,Morning,8,8,0,4266,4609,D07,Low
2024-08-21,Afternoon,9,12,2,750,2862,D07,Low
2024-08-21,Afternoon,7,10,0,2044,3434,D05,Low
2024-08-21,Morning,11,14,1,578,3857,D01,Low
2024-08-22,Morning,8,10,0,3623,4727,D07,Low
2024-08-22,Morning,11,11,0,1397,4766,D04,Low
2024-08-22,Morning,11,13,1,725,4114,D05,Low
2024-08-23,Night,8,8,1,1709,2683,D02,Low
2024-08-23,Morning,7,7,7,2678,1632,D04,High
2024-08-23,Night,7,8,4,3179,2173,D02,High
2024-08-24,Morning,7,7,3,3385,2839,D03,Medium
2024-08-24,Afternoon,10,13,2,3306,3836,D02,Low
2024-08-24,Night,7,10,4,1203,1484,D04,High
2024-08-25,Afternoon,6,9,1,3044,3114,D03,Low
2024-08-25,Afternoon,7,8,3,2870,2901,D04,Medium
2024-08-25,Afternoon,9,10,8,3781,1992,D06,High
2024-08-26,Morning,8,10,1,828,3665,D04,Low
2024-08-26,Night,9,9,3,4728,3298,D03,High
2024-08-26,Night,9,9,4,620,1934,D02,Low
2024-08-27,Night,9,12,5,1464,1789,D06,High
2024-08-27,Morning,10,13,3,4724,4478,D01,Medium
2024-08-27,Night,9,12,1,4175,4012,D01,Low
2024-08-28,Night,9,12,1,2576,3606,D01,Low
2024-08-28,Morning,7,10,0,832,3323,D01,Low
2024-08-28,Morning,11,14,3,3868,4018,D05,Medium
2024-08-29,Night,5,5,0,1816,2432,D01,Low
2024-08-29,Afternoon,6,7,4,1696,1838,D03,High
2024-08-29,Night,7,10,0,3670,3562,D07,Low
2024-08-30,Morning,11,11,0,1929,4350,D01,Low
2024-08-30,Night,5,8,2,855,1454,D04,Low
2024-08-30,Morning,11,13,3,4734,4488,D07,Medium
2024-08-31,Morning,7,9,0,2026,3597,D01,Low
2024-08-31,Morning,7,7,1,4397,3946,D07,Low
2024-08-31,Night,7,8,2,528,1967,D02,Low
2024-09-01,Afternoon,10,12,0,1513,4172,D03,Low
2024-09-01,Afternoon,7,9,0,3202,3647,D03,Low
2024-09-01,Morning,7,8,4,1327,2115,D07,Low
2024-09-02,Night,7,9,2,4946,3302,D06,Medium
2024-09-02,Morning,10,13,0,2524,4828,D05,Low
2024-09-02,Night,6,7,4,798,1168,D04,Medium
2024-09-03,Afternoon,9,11,7,2365,1752,D07,High
2024-09-03,Morning,8,9,2,4516,4141,D03,Low
2024-09-03,Afternoon,9,12,2,2611,3463,D02,Low
2024-09-04,Morning,8,10,5,1254,2062,D01,High
2024-09-04,Night,6,6,6,1269,385,D03,High
2024-09-04,Afternoon,10,12,3,4235,3983,D02,Medium
2024-09-05,Morning,10,12,1,1738,4011,D01,Low
2024-09-05,Night,8,11,2,2713,3111,D05,Low
2024-09-05,Morning,8,8,3,2406,3034,D03,Medium
2024-09-06,Afternoon,9,9,0,2064,3788,D03,Low
2024-09-06,Night,8,8,1,1718,3196,D07,Low
2024-09-06,Afternoon,6,9,4,1857,1742,D07,High
2024-09-07,Morning,10,13,3,4339,3909,D02,Medium
2024-09-07,Night,5,8,1,1960,2503,D06,Low
2024-09-07,Afternoon,9,12,3,4485,3398,D07,Medium
2024-09-08,Morning,11,14,0,1916,4816,D04,Low
2024-09-08,Morning,10,10,1,3353,4753,D05,Low
2024-09-08,Night,6,7,4,1928,1379,D04,High
2024-09-09,Afternoon,6,9,0,4878,3871,D03,Low
2024-09-09,Afternoon,7,8,0,4974,4163,D04,Low
2024-09-09,Night,7,9,6,4793,2047,D01,High
2024-09-10,Night,8,10,0,3562,4238,D05,Low
2024-09-10,Morning,7,10,1,3571,3514,D04,Low
2024-09-10,Morning,11,13,6,1055,2421,D01,High
2024-09-11,Morning,9,10,3,855,3087,D02,Low
2024-09-11,Night,5,7,3,2063,1600,D04,Medium
2024-09-11,Morning,7,9,4,4000,2711,D05,High
2024-09-12,Afternoon,9,10,0,1540,3779,D01,Low
2024-09-12,Night,8,10,3,3186,2980,D04,Medium
2024-09-12,Night,8,11,2,4974,3621,D02,Low
2024-09-13,Morning,8,9,4,3053,2975,D04,Medium
2024-09-13,Night,5,6,2,2279,1795,D01,Medium
2024-09-13,Morning,9,9,2,575,2814,D04,Low
2024-09-14,Night,9,9,2,4826,3848,D05,Low
2024-09-14,Morning,9,10,2,3819,4131,D03,Low
2024-09-14,Morning,9,10,3,2849,3551,D01,Medium
2024-09-15,Night,7,7,2,3273,2689,D01,Medium
2024-09-15,Morning,9,12,2,2762,3838,D01,Low
2024-09-15,Morning,9,11,1,3729,4348,D01,Low
2024-09-16,Night,5,7,2,2616,1986,D04,Low
2024-09-16,Night,6,8,3,892,1347,D05,Medium
2024-09-16,Afternoon,9,10,4,1608,2513,D02,Medium
2024-09-17,Afternoon,9,12,3,4862,4000,D05,Medium
2024-09-17,Afternoon,6,6,5,1110,1169,D01,High
2024-09-17,Morning,7,10,4,3275,2494,D06,High
2024-09-18,Morning,7,10,2,4498,3333,D04,Medium
2024-09-18,Morning,7,9,3,1172,2626,D06,Low
2024-09-18,Night,6,6,5,4177,2120,D04,High
2024-09-19,Afternoon,7,10,2,530,2283,D01,Low
2024-09-19,Afternoon,10,10,4,1900,3106,D04,Medium
2024-09-19,Afternoon,7,8,3,4571,3161,D01,Medium
2024-09-20,Night,8,10,2,1116,2439,D05,Low
2024-09-20,Morning,10,10,0,3286,4885,D07,Low
2024-09-20,Afternoon,7,8,1,1370,2651,D03,Low
2024-09-21,Afternoon,7,8,6,4696,2019,D04,High
2024-09-21,Afternoon,10,11,3,4104,3960,D01,Medium
2024-09-21,Morning,8,11,2,1912,3327,D06,Low
2024-09-22,Night,6,9,6,3239,1102,D01,High
2024-09-22,Night,8,10,2,1440,2409,D06,Low
2024-09-22,Afternoon,10,12,2,840,3081,D04,Low
2024-09-23,Afternoon,8,9,3,3408,2924,D02,Medium
2024-09-23,Night,5,7,3,4633,2515,D06,High
2024-09-23,Night,5,8,0,1159,2356,D01,Low
2024-09-24,Morning,8,10,2,2533,3569,D04,Low
2024-09-24,Afternoon,8,8,2,2060,3025,D01,Low
2024-09-24,Afternoon,10,13,1,3957,4301,D02,Low
2024-09-25,Afternoon,7,8,2,2156,2376,D03,Low
2024-09-25,Night,5,6,1,3475,2754,D07,Low
2024-09-25,Night,8,10,0,1549,2996,D07,Low
2024-09-26,Night,5,8,1,953,1847,D02,Low
2024-09-26,Afternoon,6,7,0,2204,2961,D05,Low
2024-09-26,Morning,8,9,2,3284,3493,D04,Low
2024-09-27,Night,9,12,4,1318,1998,D02,Medium
2024-09-27,Night,5,8,3,512,1063,D03,Low
2024-09-27,Morning,9,10,1,4479,4749,D01,Low
2024-09-28,Night,9,11,0,1420,3751,D04,Low
2024-09-28,Night,6,8,0,2918,3431,D06,Low
2024-09-28,Afternoon,9,11,2,1814,3176,D02,Low
2024-09-29,Afternoon,8,8,0,4177,4291,D03,Low
2024-09-29,Morning,10,13,2,2517,4124,D02,Low
2024-09-29,Morning,10,11,0,1728,4053,D05,Low
2024-09-30,Morning,11,11,4,2934,3825,D07,High
2024-09-30,Night,6,8,1,3368,3204,D07,Low
2024-09-30,Morning,9,9,0,3015,4264,D04,Low
2024-10-01,Morning,7,8,4,1938,2510,D01,Medium
2024-10-01,Morning,11,12,1,4664,5529,D03,Low
2024-10-01,Afternoon,9,12,0,4043,4622,D02,Low
2024-10-02,Night,8,10,2,3675,3409,D04,Low
2024-10-02,Morning,7,9,2,2281,2802,D02,Low
2024-10-02,Morning,10,10,3,2763,3861,D04,Medium
2024-10-03,Night,9,11,0,2469,3676,D07,Low
2024-10-03,Afternoon,7,7,1,711,2669,D05,Low
2024-10-03,Morning,11,12,1,1007,4146,D02,Low
2024-10-04,Afternoon,8,9,0,831,2645,D05,Low
2024-10-04,Morning,11,12,5,1050,2868,D06,Medium
2024-10-04,Morning,10,11,3,1441,3744,D06,Low
2024-10-05,Afternoon,7,8,1,1227,2381,D07,Low
2024-10-05,Afternoon,7,7,2,3362,3068,D03,Low
2024-10-05,Night,5,6,0,3743,2772,D05,Low
2024-10-06,Morning,10,10,5,1148,2383,D04,Medium
2024-10-06,Afternoon,9,10,0,3237,3893,D03,Low
2024-10-06,Afternoon,6,6,0,3247,3432,D02,Low
2024-10-07,Morning,8,8,2,1509,3195,D02,Low
2024-10-07,Afternoon,6,6,2,2050,2478,D04,Low
2024-10-07,Morning,11,13,2,1303,3663,D01,Low
2024-10-08,Night,9,9,0,4580,4384,D01,Low
2024-10-08,Morning,10,10,1,4809,4971,D02,Low
2024-10-08,Afternoon,10,11,2,4764,4177,D07,Low
2024-10-09,Morning,8,8,0,3901,4171,D07,Low
2024-10-09,Night,9,9,5,4741,2899,D04,High
2024-10-09,Afternoon,10,13,0,3661,4478,D01,Low
2024-10-10,Afternoon,7,9,2,4655,3540,D05,Low
2024-10-10,Morning,9,12,3,1027,3101,D02,Low
2024-10-10,Night,5,6,1,3798,3286,D06,Low
2024-10-11,Morning,11,13,2,1523,3957,D05,Low
2024-10-11,Night,7,9,4,4234,2666,D04,High
2024-10-11,Morning,9,12,0,932,3691,D06,Low
2024-10-12,Morning,9,11,5,1676,2326,D05,High
2024-10-12,Morning,11,14,2,900,3941,D01,Low
2024-10-12,Afternoon,7,7,1,2604,3121,D07,Low
2024-10-13,Afternoon,9,12,1,3550,4028,D01,Low
2024-10-13,Morning,11,13,1,2733,4800,D06,Low
2024-10-13,Night,7,9,3,2945,2435,D03,Medium
2024-10-14,Afternoon,10,11,4,3335,3540,D07,High
2024-10-14,Afternoon,8,9,4,3013,2717,D02,High
2024-10-14,Afternoon,6,7,7,2273,953,D06,High
2024-10-15,Afternoon,10,11,4,1596,2632,D04,Medium
2024-10-15,Afternoon,8,10,2,1428,2870,D02,Low
2024-10-15,Morning,7,8,1,2451,3298,D05,Low
2024-10-16,Morning,10,13,2,2473,3986,D07,Low
2024-10-16,Night,6,6,0,2054,2877,D04,Low
2024-10-16,Night,8,10,3,3278,3037,D04,Medium
2024-10-17,Morning,8,9,1,4921,4390,D01,Low
2024-10-17,Morning,9,11,0,1494,4335,D05,Low
2024-10-17,Afternoon,8,9,0,1112,3274,D01,Low
2024-10-18,Afternoon,7,9,1,3093,3221,D01,Low
2024-10-18,Morning,11,12,2,1095,3830,D07,Low
2024-10-18,Morning,9,9,1,1341,3796,D03,Low
2024-10-19,Night,5,6,2,4939,3034,D01,Medium
2024-10-19,Afternoon,10,13,2,1358,3347,D02,Low
2024-10-19,Morning,7,9,3,944,2344,D04,Low
2024-10-20,Morning,11,13,0,2288,4827,D07,Low
2024-10-20,Morning,7,10,0,4817,4211,D01,Low
2024-10-20,Afternoon,9,12,2,3954,4000,D06,Low
2024-10-21,Morning,10,10,2,4452,4269,D02,Low
2024-10-21,Morning,8,10,0,1530,3505,D05,Low
2024-10-21,Night,5,5,1,1795,2228,D04,Low
2024-10-22,Morning,8,10,0,2563,3951,D07,Low
2024-10-22,Afternoon,8,10,2,1947,3077,D06,Low
2024-10-22,Morning,7,7,1,2545,3484,D07,Low
2024-10-23,Morning,7,9,2,3350,3349,D07,Low
2024-10-23,Morning,8,10,4,4324,3054,D06,High
2024-10-23,Night,7,7,1,2568,3015,D05,Low
2024-10-24,Night,9,10,6,4261,2468,D06,High
2024-10-24,Night,9,9,2,2775,3352,D02,Low
2024-10-24,Morning,9,11,2,2308,3494,D07,Low
2024-10-25,Afternoon,10,13,3,1811,3227,D05,Low
2024-10-25,Morning,9,10,3,4555,3864,D07,Medium
2024-10-25,Morning,11,14,2,2951,4402,D06,Low
2024-10-26,Night,7,8,1,1589,2859,D05,Low
2024-10-26,Morning,10,13,0,2172,4355,D05,Low
2024-10-26,Morning,11,12,0,4175,5193,D01,Low
2024-10-27,Morning,10,10,1,4854,5021,D01,Low
2024-10-27,Morning,10,11,1,2503,3993,D01,Low
2024-10-27,Morning,8,9,1,4698,4529,D06,Low
2024-10-28,Afternoon,10,11,0,1624,4039,D04,Low
2024-10-28,Afternoon,9,11,3,1721,2805,D02,Low
2024-10-28,Night,9,12,4,3360,2946,D06,High
2024-10-29,Night,6,6,6,2773,1279,D07,High
2024-10-29,Morning,11,14,2,3490,4488,D01,Low
2024-10-29,Morning,8,11,3,3010,3341,D05,Medium
2024-10-30,Morning,10,10,4,736,2619,D06,Low
2024-10-30,Afternoon,6,8,1,1644,2731,D05,Low
2024-10-30,Morning,7,8,1,3753,3571,D07,Low
2024-10-31,Afternoon,7,9,6,4282,2166,D05,High
2024-10-31,Afternoon,6,8,2,1266,2110,D05,Low
2024-10-31,Afternoon,6,7,2,3181,2508,D03,Low
2024-11-01,Afternoon,7,10,0,3165,3705,D04,Low
2024-11-01,Morning,11,12,0,2259,4751,D02,Low
2024-11-01,Night,7,7,4,3991,2199,D02,High
2024-11-02,Night,8,9,2,3315,2814,D01,Low
2024-11-02,Morning,8,11,1,4013,4096,D03,Low
2024-11-02,Night,5,7,0,995,2589,D06,Low
2024-11-03,Afternoon,8,10,2,3680,3511,D06,Medium
2024-11-03,Night,7,8,2,4430,3128,D02,Medium
2024-11-03,Night,8,8,0,2572,3806,D04,Low
2024-11-04,Afternoon,8,11,4,837,2124,D05,Low
2024-11-04,Morning,10,12,0,4449,5363,D07,Low
2024-11-04,Morning,10,11,1,3608,4685,D01,Low
2024-11-05,Afternoon,8,8,3,2317,2884,D04,Medium
2024-11-05,Afternoon,8,8,1,636,2992,D02,Low
2024-11-05,Morning,9,11,4,3055,3070,D03,High
2024-11-06,Morning,11,13,3,4915,4299,D01,Medium
2024-11-06,Night,7,10,4,1415,1610,D02,High
2024-11-06,Night,6,6,0,4038,3690,D06,Low
2024-11-07,Afternoon,10,13,0,2600,4261,D01,Low
2024-11-07,Morning,10,10,1,3407,4475,D02,Low
2024-11-07,Morning,9,9,2,3414,3694,D06,Low
2024-11-08,Morning,11,12,3,2482,3765,D07,Low
2024-11-08,Night,6,8,4,4370,2309,D06,High
2024-11-08,Morning,7,7,3,4067,3308,D05,High
2024-11-09,Afternoon,10,13,5,1498,2316,D03,High
2024-11-09,Morning,8,10,3,2647,2978,D05,Medium
2024-11-09,Afternoon,6,9,1,895,2530,D02,Low
2024-11-10,Afternoon,8,10,1,4098,3957,D07,Low
2024-11-10,Night,9,11,3,1438,2672,D04,Low
2024-11-10,Morning,10,10,0,2136,4715,D07,Low
2024-11-11,Morning,9,10,0,3224,4396,D07,Low
2024-11-11,Morning,9,9,2,3010,3774,D07,Low
2024-11-11,Night,6,8,4,2149,1743,D05,High
2024-11-12,Night,7,7,0,4190,3660,D04,Low
2024-11-12,Afternoon,10,10,4,3935,3491,D06,High
2024-11-12,Afternoon,6,8,4,3701,2264,D02,High
2024-11-13,Afternoon,8,10,2,4679,4253,D03,Low
2024-11-13,Morning,10,10,0,4866,5277,D04,Low
2024-11-13,Night,8,8,0,2791,3885,D02,Low
2024-11-14,Afternoon,9,9,3,4983,3954,D04,Medium
2024-11-14,Morning,10,13,3,713,2845,D05,Low
2024-11-14,Afternoon,10,10,5,3737,2792,D02,High
2024-11-15,Morning,7,10,2,4362,3673,D05,Medium
2024-11-15,Morning,8,9,0,558,3633,D01,Low
2024-11-15,Night,6,9,0,3430,3360,D02,Low
2024-11-16,Morning,7,7,3,3471,3055,D04,Medium
2024-11-16,Afternoon,6,7,0,2027,2986,D01,Low
2024-11-16,Morning,11,14,1,622,3708,D05,Low
2024-11-17,Morning,8,11,2,4219,3692,D05,Low
2024-11-17,Morning,8,10,0,1936,3528,D04,Low
2024-11-17,Morning,9,10,0,1662,3820,D01,Low
2024-11-18,Night,6,8,1,3800,3005,D07,Low
2024-11-18,Morning,9,10,1,3845,4493,D06,Low
2024-11-18,Afternoon,6,9,0,2986,3245,D03,Low
2024-11-19,Afternoon,6,8,3,1061,1834,D04,Low
2024-11-19,Afternoon,10,10,4,4481,3638,D05,High
2024-11-19,Night,9,12,1,2237,3560,D02,Low
2024-11-20,Night,8,9,3,1404,2114,D01,Medium
2024-11-20,Morning,9,10,1,4054,4606,D06,Low
2024-11-20,Morning,11,13,2,4990,4683,D03,Medium
2024-11-21,Morning,9,11,4,2226,2827,D02,High
2024-11-21,Afternoon,10,11,3,3423,3613,D01,Medium
2024-11-21,Morning,9,12,4,4031,3586,D06,High
2024-11-22,Afternoon,9,11,0,4406,4840,D04,Low
2024-11-22,Afternoon,8,8,0,1434,3558,D06,Low
2024-11-22,Morning,11,12,5,574,2907,D04,Low
2024-11-23,Night,8,8,1,794,2608,D07,Low
2024-11-23,Morning,11,12,1,520,4130,D01,Low
2024-11-23,Morning,10,10,3,3742,4145,D06,Medium
2024-11-24,Night,6,9,4,1538,1030,D03,High
2024-11-24,Afternoon,9,10,4,1609,2433,D06,Medium
2024-11-24,Afternoon,6,9,1,4271,3499,D01,Low
2024-11-25,Afternoon,10,12,4,871,2438,D02,Low
2024-11-25,Morning,10,11,0,1674,4106,D02,Low
2024-11-25,Night,8,11,0,1664,3719,D06,Low
2024-11-26,Night,5,5,2,1592,1857,D06,Low
2024-11-26,Afternoon,10,13,0,1783,4109,D04,Low
2024-11-26,Morning,9,10,1,2511,3717,D01,Low
2024-11-27,Afternoon,8,11,3,1345,2323,D04,Low
2024-11-27,Morning,7,7,1,2491,3225,D03,Low
2024-11-27,Morning,10,10,0,1020,4300,D07,Low
2024-11-28,Night,8,8,1,4966,4100,D02,Low
2024-11-28,Morning,10,12,1,4696,4786,D05,Low
2024-11-28,Night,9,10,2,742,2803,D05,Low
2024-11-29,Afternoon,10,10,4,3300,3214,D01,High
2024-11-29,Morning,7,9,3,3396,3061,D01,Medium
2024-11-29,Afternoon,8,8,1,3102,3641,D05,Low
2024-11-30,Night,5,8,4,2773,1627,D01,High
2024-11-30,Night,8,9,0,2041,3506,D02,Low
2024-11-30,Night,8,11,1,3265,3575,D03,Low
2024-12-01,Afternoon,7,9,4,2614,2440,D03,High
2024-12-01,Afternoon,6,9,1,4991,3722,D04,Low
2024-12-01,Night,5,8,7,3583,774,D02,High
2024-12-02,Morning,9,9,1,2357,3889,D07,Low
2024-12-02,Afternoon,7,10,4,1269,2032,D01,Medium
2024-12-02,Morning,8,8,1,1922,3516,D01,Low
2024-12-03,Night,6,6,1,906,2164,D07,Low
2024-12-03,Night,7,8,1,3472,3167,D04,Low
2024-12-03,Morning,11,13,3,2372,3880,D04,Medium
2024-12-04,Night,9,11,2,3194,3284,D01,Medium
2024-12-04,Night,8,10,6,2769,1981,D01,High
2024-12-04,Morning,11,11,1,1681,4077,D07,Low
2024-12-05,Afternoon,10,12,0,1939,4397,D02,Low
2024-12-05,Night,6,6,1,3553,2974,D07,Low
2024-12-05,Morning,10,11,2,3833,4116,D04,Low
2024-12-06,Afternoon,6,8,4,3397,2203,D07,High
2024-12-06,Morning,8,8,1,3403,3769,D07,Low
2024-12-06,Night,6,8,3,728,1544,D07,Low
2024-12-07,Night,5,7,1,4459,2913,D02,Low
2024-12-07,Night,6,7,2,2393,2528,D06,Medium
2024-12-07,Afternoon,7,10,5,1813,1678,D01,High
2024-12-08,Night,5,7,0,1570,2257,D05,Low
2024-12-08,Night,7,8,1,1474,2574,D07,Low
2024-12-08,Morning,9,11,8,2238,1758,D05,High
2024-12-09,Night,6,8,4,3785,2367,D06,High
2024-12-09,Morning,9,11,2,1257,3248,D01,Low
2024-12-09,Afternoon,6,8,2,3595,2680,D04,Medium
2024-12-10,Morning,11,14,1,820,4195,D05,Low
2024-12-10,Morning,8,11,2,2821,3572,D04,Low
2024-12-10,Morning,8,10,4,1055,2511,D05,Low
2024-12-11,Afternoon,10,12,3,1886,3208,D04,Medium
2024-12-11,Morning,7,8,1,3547,3610,D07,Low
2024-12-11,Night,5,6,0,2927,2971,D05,Low
2024-12-12,Morning,8,8,1,2504,3729,D04,Low
2024-12-12,Morning,11,14,0,2430,4705,D06,Low
2024-12-12,Afternoon,10,12,0,2663,4384,D02,Low
2024-12-13,Night,6,9,1,4367,3234,D04,Low
2024-12-13,Morning,9,10,0,2926,4531,D02,Low
2024-12-13,Afternoon,6,9,0,4293,3806,D02,Low
2024-12-14,Night,7,10,2,3013,2634,D01,Low
2024-12-14,Afternoon,10,12,0,4303,4633,D07,Low
2024-12-14,Morning,9,11,0,2827,4351,D06,Low
2024-12-15,Morning,9,10,1,1117,3541,D02,Low
2024-12-15,Night,7,9,0,2665,3496,D03,Low
2024-12-15,Morning,11,12,2,3808,4674,D07,Low
2024-12-16,Night,7,8,0,1492,3270,D02,Low
2024-12-16,Afternoon,9,9,3,1877,2789,D04,Low
2024-12-16,Night,5,5,5,4881,1769,D02,High
2024-12-17,Night,8,8,3,3674,2809,D04,High
2024-12-17,Night,7,10,2,1805,2596,D04,Low
2024-12-17,Morning,8,8,4,3578,3037,D03,High
2024-12-18,Night,8,10,3,3186,2502,D02,Medium
2024-12-18,Afternoon,8,10,0,3483,4071,D02,Low
2024-12-18,Afternoon,7,7,1,3023,3344,D05,Low
2024-12-19,Afternoon,6,9,4,4082,2348,D07,High
2024-12-19,Night,6,7,1,1985,2608,D05,Low
2024-12-19,Night,6,9,0,2600,2840,D01,Low
2024-12-20,Night,7,10,3,4215,3159,D04,Medium
2024-12-20,Afternoon,8,9,4,2501,2528,D03,High
2024-12-20,Afternoon,10,11,0,1887,3796,D05,Low
2024-12-21,Night,8,9,2,3683,3303,D02,Low
2024-12-21,Morning,8,10,0,1530,3772,D01,Low
2024-12-21,Morning,9,10,3,2265,3039,D03,Low
2024-12-22,Morning,7,8,1,1720,3252,D06,Low
2024-12-22,Morning,7,10,1,4306,4234,D02,Low
2024-12-22,Morning,7,10,4,2914,2438,D02,High
2024-12-23,Morning,8,8,2,4845,4130,D06,Low
2024-12-23,Morning,8,11,3,2118,2952,D04,Low
2024-12-23,Morning,7,8,1,1763,3343,D04,Low
2024-12-24,Night,9,11,1,1371,3191,D05,Low
2024-12-24,Afternoon,8,11,2,1334,2558,D05,Low
2024-12-24,Morning,11,14,0,3322,5239,D02,Low
2024-12-25,Afternoon,9,10,1,1418,3194,D07,Low
2024-12-25,Morning,7,10,0,2224,3952,D02,Low
2024-12-25,Night,8,11,3,2913,2854,D05,Medium
2024-12-26,Night,9,10,6,1813,1636,D06,High
2024-12-26,Morning,8,11,8,4998,2378,D05,High
2024-12-26,Afternoon,9,11,1,2605,3729,D02,Low
2024-12-27,Night,8,8,1,3068,3400,D03,Low
2024-12-27,Night,8,11,1,1638,2888,D02,Low
2024-12-27,Afternoon,7,9,4,709,1304,D03,Medium
2024-12-28,Afternoon,8,11,0,1564,3567,D03,Low
2024-12-28,Morning,8,8,6,2720,1842,D02,High
2024-12-28,Night,7,8,1,733,2317,D07,Low
2024-12-29,Morning,9,9,7,1292,1745,D07,High
2024-12-29,Night,8,11,4,3610,2552,D01,High
2024-12-29,Afternoon,8,8,4,2666,2538,D05,High
2024-12-30,Afternoon,8,8,1,834,2701,D07,Low
2024-12-30,Afternoon,7,8,0,1859,3204,D04,Low
2024-12-30,Morning,10,13,1,1714,4023,D02,Low
2024-12-31,Morning,10,10,1,4919,4784,D03,Low
2024-12-31,Morning,11,11,0,783,4618,D02,Low
2024-12-31,Morning,10,11,2,712,3258,D05,Low
2025-01-01,Night,9,11,1,2158,3695,D06,Low
2025-01-01,Morning,9,12,2,4578,4223,D07,Medium
2025-01-01,Morning,11,13,2,1917,3732,D07,Low
2025-01-02,Night,8,10,0,2886,3501,D07,Low
2025-01-02,Night,6,7,7,2294,759,D03,High
2025-01-02,Night,6,7,0,604,2647,D04,Low
2025-01-03,Night,9,12,1,4393,4436,D04,Low
2025-01-03,Morning,7,9,2,4345,3646,D07,Medium
2025-01-03,Morning,8,8,4,4190,3005,D04,High
2025-01-04,Night,7,9,0,3792,3747,D06,Low
2025-01-04,Afternoon,9,10,1,878,3064,D07,Low
2025-01-04,Morning,10,10,2,3793,4368,D01,Low
2025-01-05,Night,7,7,0,3829,3539,D03,Low
2025-01-05,Morning,8,9,2,3938,3405,D06,Low
2025-01-05,Morning,10,10,5,724,2654,D03,Low
2025-01-06,Afternoon,6,8,8,1237,200,D07,High
2025-01-06,Afternoon,8,9,0,735,3219,D06,Low
2025-01-06,Afternoon,10,13,0,4778,5162,D07,Low
2025-01-07,Morning,9,10,1,1211,3901,D06,Low
2025-01-07,Night,7,10,1,2388,3086,D07,Low
2025-01-07,Morning,9,12,0,1759,4066,D01,Low
2025-01-08,Morning,9,10,0,1248,3977,D03,Low
2025-01-08,Night,5,6,6,4486,1372,D06,High
2025-01-08,Night,8,11,5,4051,2461,D01,High
2025-01-09,Night,5,8,0,1009,2328,D02,Low
2025-01-09,Night,8,8,1,2323,3075,D07,Low
2025-01-09,Afternoon,9,10,1,3441,3986,D05,Low
2025-01-10,Afternoon,10,11,0,4732,5035,D06,Low
2025-01-10,Morning,10,10,2,2634,4043,D04,Low
2025-01-10,Afternoon,7,8,2,2277,2831,D01,Low
2025-01-11,Morning,10,10,4,1722,2795,D01,Medium
2025-01-11,Morning,11,11,3,4167,4591,D06,Medium
2025-01-11,Night,6,7,2,2277,2529,D01,Low
2025-01-12,Afternoon,10,12,3,1804,3113,D02,Low
2025-01-12,Morning,8,11,1,1201,3362,D01,Low
2025-01-12,Morning,8,9,2,3489,3607,D05,Low
2025-01-13,Afternoon,7,9,2,651,2400,D05,Low
2025-01-13,Morning,10,10,0,1825,4200,D07,Low
2025-01-13,Night,6,8,0,1801,3061,D07,Low
2025-01-14,Afternoon,9,10,1,4222,4342,D04,Low
2025-01-14,Afternoon,6,7,5,2211,1623,D02,High
2025-01-14,Afternoon,10,12,0,1306,3922,D05,Low
2025-01-15,Night,7,8,1,4830,3434,D06,Low
2025-01-15,Morning,9,12,1,3222,4325,D03,Low
2025-01-15,Afternoon,9,11,3,1825,2609,D03,Medium
2025-01-16,Afternoon,6,6,0,4633,3981,D03,Low
2025-01-16,Morning,7,9,6,1659,1398,D07,High
2025-01-16,Night,9,11,4,3369,2565,D06,High
2025-01-17,Night,7,9,2,1742,2442,D01,Low
2025-01-17,Afternoon,9,11,3,847,2777,D06,Low
2025-01-17,Night,6,6,0,2331,2805,D01,Low
2025-01-18,Night,7,7,1,2069,3148,D03,Low
2025-01-18,Night,8,8,4,4435,3008,D04,High
2025-01-18,Night,6,8,0,2418,3033,D04,Low
2025-01-19,Afternoon,6,9,1,3732,3151,D01,Low
2025-01-19,Afternoon,8,11,2,4258,3561,D03,Medium
2025-01-19,Afternoon,7,7,1,2855,3323,D06,Low
2025-01-20,Night,5,8,6,1897,801,D04,High
2025-01-20,Morning,7,10,0,3280,3837,D01,Low
2025-01-20,Night,7,10,4,2324,1832,D06,High
2025-01-21,Night,5,8,2,2991,2218,D03,Low
2025-01-21,Morning,11,14,3,4560,4738,D02,Medium
2025-01-21,Night,9,10,1,904,2852,D03,Low
2025-01-22,Morning,8,8,2,2221,3471,D07,Low
2025-01-22,Morning,10,12,4,3325,3525,D03,High
2025-01-22,Night,6,9,1,4345,2966,D06,Low
2025-01-23,Morning,8,9,1,4710,4249,D06,Low
2025-01-23,Night,5,7,2,3692,2577,D05,Low
2025-01-23,Night,5,6,3,564,1533,D05,Low
2025-01-24,Afternoon,9,12,1,1799,3250,D06,Low
2025-01-24,Morning,7,10,6,1915,1107,D06,High
2025-01-24,Morning,9,12,1,4093,4192,D02,Low
2025-01-25,Afternoon,10,13,2,1468,3553,D02,Low
2025-01-25,Night,9,11,3,868,2097,D03,Low
2025-01-25,Afternoon,8,10,3,732,2519,D07,Low
2025-01-26,Morning,10,11,4,2742,3561,D04,Medium
2025-01-26,Afternoon,7,7,8,3583,1259,D07,High
2025-01-26,Afternoon,6,9,1,1420,2423,D02,Low
2025-01-27,Night,8,9,0,1188,3206,D03,Low
2025-01-27,Morning,9,10,0,4772,5061,D07,Low
2025-01-27,Night,6,7,3,1969,1993,D01,Medium
2025-01-28,Afternoon,9,12,5,4759,3410,D05,High
2025-01-28,Night,6,9,0,4122,3469,D07,Low
2025-01-28,Morning,7,8,0,2600,3505,D04,Low
2025-01-29,Afternoon,7,10,0,2765,3273,D03,Low
2025-01-29,Night,9,10,4,4289,2824,D07,High
2025-01-29,Morning,9,11,1,1323,3632,D06,Low
2025-01-30,Night,8,11,1,3931,3657,D01,Low
2025-01-30,Afternoon,8,10,2,4651,3751,D05,Medium
2025-01-30,Morning,7,7,4,4713,2997,D01,High
2025-01-31,Morning,9,12,3,1297,2749,D03,Low
2025-01-31,Night,5,5,2,1279,1854,D02,Low
2025-01-31,Morning,10,11,0,3350,4361,D05,Low
2025-02-01,Afternoon,8,11,2,3392,3223,D01,Medium
2025-02-01,Morning,7,10,3,2393,2859,D02,Medium
2025-02-01,Afternoon,10,13,7,3806,2289,D04,High
2025-02-02,Morning,8,8,0,3402,4331,D03,Low
2025-02-02,Night,8,8,0,4218,3961,D03,Low
2025-02-02,Night,5,6,0,521,2074,D05,Low
2025-02-03,Night,9,11,1,2000,3503,D01,Low
2025-02-03,Night,6,8,4,1342,1172,D04,High
2025-02-03,Morning,11,11,0,2260,4892,D06,Low
